Z,A,Q,X,S,W,C,D,E,V,F,R,B,G,T,N,H,Y
36,6,1,0,0,0,15,2,1,0,0,0,4,0,7,0,0,0
49,4,1,0,0,0,11,0,0,0,0,0,7,0,0,0,0,0
53,4,1,0,0,0,2,0,0,0,0,0,12,0,0,0,0,0
62,2,1,0,0,0,1,0,0,0,0,0,6,0,0,0,0,0
69,2,1,0,0,0,0,0,0,0,0,0,0,0,0,0,0,0
0,0,0,72,0,0,0,0,0,0,0,0,0,0,0,0,0,0
0,0,0,72,0,0,0,0,0,0,0,0,0,0,0,0,0,0
0,0,0,72,0,0,0,0,0,0,0,0,0,0,0,0,0,0
0,0,0,72,0,0,0,0,0,0,0,0,0,0,0,0,0,0
0,0,0,72,0,0,0,0,0,0,0,0,0,0,0,0,0,0
0,0,0,72,0,0,0,0,0,0,0,0,0,0,0,0,0,0
0,0,0,72,0,0,0,0,0,0,0,0,0,0,0,0,0,0
0,0,0,72,0,0,0,0,0,0,0,0,0,0,0,0,0,0
69,2,1,0,0,0,0,0,0,0,0,0,0,0,0,0,0,0
62,2,1,0,0,0,1,0,0,0,0,0,6,0,0,0,0,0
56,5,1,0,0,0,1,0,0,0,0,0,9,0,0,0,0,0
51,5,1,0,0,0,8,0,0,0,0,0,6,0,1,0,0,0
36,5,2,0,0,0,12,2,0,2,0,0,8,0,5,0,0,0
